{"cameraMode":{"drawMode":0,"name":"Shaded","section":"Shading Mode"},"sceneLighting":false,"audioPlay":false,"sceneViewState":{"showFog":true,"showMaterialUpdate":false,"showSkybox":false,"showFlares":true,"showImageEffects":true,"showParticleSystems":true,"showVisualEffectGraphs":true,"m_FxEnabled":true},"in2DMode":false,"pivot":{"x":-2.5408267974853517,"y":19.772573471069337,"z":32.197811126708987},"rotation":{"x":-0.006198973394930363,"y":-0.3301010727882385,"z":0.0019866791553795339,"w":0.9444451332092285},"size":71.6864013671875,"orthographic":false}