{"cameraMode":{"drawMode":0,"name":"Shaded","section":"Shading Mode"},"sceneLighting":true,"audioPlay":false,"sceneViewState":{"showFog":true,"showMaterialUpdate":false,"showSkybox":false,"showFlares":true,"showImageEffects":true,"showParticleSystems":true,"showVisualEffectGraphs":true,"m_FxEnabled":true},"in2DMode":false,"pivot":{"x":-192.22799682617188,"y":63.119998931884769,"z":-45.808998107910159},"rotation":{"x":0.03438343480229378,"y":0.9525476098060608,"z":-0.28771036863327029,"w":0.09813596308231354},"size":2.6105356216430666,"orthographic":false}